{"coco/bbox_mAP": 0.692, "coco/bbox_mAP_50": 0.816, "coco/bbox_mAP_75": 0.752, "coco/bbox_mAP_s": 0.279, "coco/bbox_mAP_m": 0.563, "coco/bbox_mAP_l": 0.717, "data_time": 0.28322341918945315, "time": 0.33323275089263915}